[{"sidebar-default":["search-2","recent-posts-3","recent-comments-3","archives-3","categories-3","meta-3","tag_cloud-3"],"sidebar-job":["iwj_job_infomation-3","iwj_job_contact_form-2"],"sidebar-job-v2":["iwj_job_infomation-4","iwj_job_contact_form-3"],"sidebar-candidate":["iwj_candidate_infomation-2","iwj_candidate_contact_form-2"],"sidebar-candidate-v2":["iwj_candidate_infomation-3","iwj_candidate_contact_form-3"],"sidebar-employer":["iwj_employer_map-2","iwj_employer_infomation-2","iwj_employer_contact_form-2"],"sidebar-employer-v2":["iwj_employer_map-3","iwj_employer_infomation-3","iwj_employer_contact_form-3"],"sidebar-jobs-1":["iwj_job_filter-2"],"sidebar-jobs-2":["iwj_employers-3","iwj_overall_statistics-2","iwj_jobs-2"],"sidebar-candidates":["iwj_candidate_filter-2"],"sidebar-candidates-2":["iwj_candidates-3","iwj_overall_statistics-4","iwj_jobs-3"],"sidebar-employers":["iwj_employer_filter-3"],"sidebar-employers-2":["iwj_employers-2","iwj_overall_statistics-3","iwj_jobs-4"],"sidebar-woocommerce":["woocommerce_price_filter-2","woocommerce_products-2","woocommerce_product_categories-2","woocommerce_product_tag_cloud-2"],"footer-widget-1":["inwave-contact-info-2"],"footer-widget-2":["nav_menu-2"],"footer-widget-3":["nav_menu-3"],"footer-widget-4":["inwave-subscribe-2"]},{"search":{"2":{"title":"Search Posts","wpfront-user-role-editor-widget-permissions-data":{"type":1}},"_multiwidget":1},"recent-posts":{"3":{"title":"Recent Posts","number":5,"show_date":true},"_multiwidget":1},"recent-comments":{"3":{"title":"Recent Comments","number":5},"_multiwidget":1},"archives":{"3":{"title":"Archives","count":1,"dropdown":0},"_multiwidget":1},"categories":{"3":{"title":"Categories","count":1,"hierarchical":1,"dropdown":0},"_multiwidget":1},"meta":{"3":{"title":"Meta"},"_multiwidget":1},"tag_cloud":{"3":{"title":"","count":0,"taxonomy":"post_tag"},"_multiwidget":1},"iwj_job_infomation":{"3":{"title":"","style":"style1"},"4":{"title":"Job Information","style":"style2"},"_multiwidget":1},"iwj_job_contact_form":{"2":{"title":"Contact Form","wpfront-user-role-editor-widget-permissions-data":{"type":1}},"3":{"title":"Contact with employer"},"_multiwidget":1},"iwj_candidate_infomation":{"2":{"title":"Candidate Infomation","style":"style1"},"3":{"title":"WORKING PREFERENCES","style":"style2"},"_multiwidget":1},"iwj_candidate_contact_form":{"2":{"title":"Contact Form"},"3":{"title":"Send a message"},"_multiwidget":1},"iwj_employer_map":{"2":{"title":"Company Location Map","wpfront-user-role-editor-widget-permissions-data":{"type":1}},"3":{"title":""},"_multiwidget":1},"iwj_employer_infomation":{"2":{"title":"Company Infomation","style":"style1"},"3":{"title":"Company Infomation","style":"style2"},"_multiwidget":1},"iwj_employer_contact_form":{"2":{"title":"Contact Form","wpfront-user-role-editor-widget-permissions-data":{"type":1}},"3":{"title":"Company Information"},"_multiwidget":1},"iwj_job_filter":{"2":{"title":"","iwj_cat":"1","iwj_cat_limit":"6","iwj_cat_limit_show_more":"","iwj_cat_hide_empty_item":"1","iwj_cat_hierarchy_cat":"1","iwj_type":"6","iwj_type_limit":"5","iwj_type_limit_show_more":"20","iwj_type_hide_empty_item":"0","iwj_type_hierarchy_cat":"","iwj_level":"3","iwj_level_limit":"5","iwj_level_limit_show_more":"20","iwj_level_hide_empty_item":"0","iwj_level_hierarchy_cat":"","iwj_skill":"2","iwj_skill_limit":"5","iwj_skill_limit_show_more":"20","iwj_skill_hide_empty_item":"0","iwj_skill_hierarchy_cat":"","iwj_salary":"4","iwj_salary_limit":"3","iwj_salary_limit_show_more":"20","iwj_salary_hide_empty_item":"0","iwj_salary_hierarchy_cat":"","iwj_location":"5","iwj_location_limit":"3","iwj_location_limit_show_more":"20","iwj_location_hide_empty_item":"0","iwj_location_hierarchy_cat":""},"_multiwidget":1},"iwj_employers":{"3":{"title":"Lastest Employers","ids":"","limit":"2","orderby":"date","order":"DESC","show_featured_employers":"featured"},"2":{"title":"Lastest Employers","ids":"","limit":"2","orderby":"date","order":"DESC","show_featured_employers":""},"_multiwidget":1},"iwj_overall_statistics":{"2":{"title":"Overall statistics","show_employers":"1","employers":"","show_resums":"1","resumes":"","show_jobs":"1","jobs":""},"4":{"title":"Overall statistics","created_resumes":"1.568.932","created_resumes_this_week":"+699","posted_jobs":"123.523","posted_jobs_this_week":"+699","wpfront-user-role-editor-widget-permissions-data":{"type":1}},"3":{"title":"Overall statistics","created_resumes":"1.568.932","created_resumes_this_week":"+699","posted_jobs":"123.523","posted_jobs_this_week":"+699","wpfront-user-role-editor-widget-permissions-data":{"type":1}},"_multiwidget":1},"iwj_jobs":{"2":{"title":"Latest Jobs","limit":"5","orderby":"date","order":"DESC","wpfront-user-role-editor-widget-permissions-data":{"type":1}},"3":{"title":"Latest Jobs","limit":"5","orderby":"date","order":"DESC","wpfront-user-role-editor-widget-permissions-data":{"type":1}},"4":{"title":"Latest Jobs","limit":"5","orderby":"date","order":"DESC","wpfront-user-role-editor-widget-permissions-data":{"type":1}},"_multiwidget":1},"iwj_candidate_filter":{"2":{"title":"","iwj_cat":"1","iwj_cat_limit":"5","iwj_cat_limit_show_more":"20","iwj_type":"4","iwj_type_limit":"5","iwj_type_limit_show_more":"20","iwj_level":"5","iwj_level_limit":"5","iwj_level_limit_show_more":"20","iwj_skill":"2","iwj_skill_limit":"5","iwj_skill_limit_show_more":"20","iwj_location":"3","iwj_location_limit":"5","iwj_location_limit_show_more":"20"},"_multiwidget":1},"iwj_candidates":{"3":{"title":"Recent Resumes","limit":"15","orderby":"date","order":"DESC","show_featured_candidates":"featured"},"_multiwidget":1},"iwj_employer_filter":{"3":{"title":"","iwj_cat":"1","iwj_cat_limit":"5","iwj_cat_limit_show_more":"20","iwj_size":"1","iwj_size_limit":"5","iwj_size_limit_show_more":"20","iwj_location":"1","iwj_location_limit":"5","iwj_location_limit_show_more":"20"},"_multiwidget":1},"woocommerce_price_filter":{"2":{"title":"Filter by price"},"_multiwidget":1},"woocommerce_products":{"2":{"title":"Products","number":5,"show":"","orderby":"date","order":"desc","hide_free":0,"show_hidden":0},"_multiwidget":1},"woocommerce_product_categories":{"2":{"title":"Product categories","orderby":"name","dropdown":0,"count":0,"hierarchical":1,"show_children_only":0,"hide_empty":0},"_multiwidget":1},"woocommerce_product_tag_cloud":{"2":{"title":"Product tags"},"_multiwidget":1},"inwave-contact-info":{"2":{"title":"","description":"At vero eos et accusamus et iusto odio dignissimos ducimus qui blanditiis praesentium voluptatum deleniti atque corrupti quos...        ","image_uri":"http:\/\/jobboard.inwavethemes.com\/wp-content\/themes\/injob\/assets\/images\/logo.png","link":"#","text_link":"Learn more","social_resource":"1","custom_social":"","wpfront-user-role-editor-widget-permissions-data":{"type":1}},"_multiwidget":1},"nav_menu":{"2":{"title":"For Candidates","nav_menu":9},"3":{"title":"For Employers","nav_menu":10},"_multiwidget":1},"inwave-subscribe":{"2":{"title":"Email Newsletter","description":"Subscribe and we'll automatically send you notifications about job matching your personality.","action":"\/\/joomultra.us12.list-manage.com\/subscribe\/post?u=fbd801b2d75b67e540b5e0c53&amp;id=e3e3a45110","heading_social":"","social_resource":"1","custom_social":"","wpfront-user-role-editor-widget-permissions-data":{"type":1}},"_multiwidget":1}}]